City_ID,City,Lat,Lng,Max Temp,Humidity,Cloudiness,Wind Speed,Country,Date
0,qa'en,33.7265,59.1844,6.51,49,29,2.23,IR,1702260736
1,port-aux-francais,-49.35,70.2167,4.12,79,75,9.51,TF,1702260736
2,novogornyy,55.63,60.7919,-30.94,96,37,3.01,RU,1702260737
3,krasnokamensk,50.0979,118.0369,-29.25,96,13,1.13,RU,1702260737
4,yellowknife,62.456,-114.3525,-11.71,92,100,10.29,CA,1702260575
5,ilulissat,69.2167,-51.1,-1.99,69,100,6.69,GL,1702260738
6,cidreira,-30.1811,-50.2056,20.04,92,100,7.83,BR,1702260739
7,winnemucca,40.973,-117.7357,-0.97,64,0,0.0,US,1702260571
8,college,64.8569,-147.8028,-16.72,70,75,0.0,US,1702260740
9,liwale,-9.7667,37.9333,21.34,98,99,0.93,TZ,1702260741
10,agadez,19.75,10.25,13.07,54,0,5.44,NE,1702260742
11,yuzhno-kurilsk,44.0306,145.8556,0.76,76,93,8.05,RU,1702260448
12,ripky,51.801,31.0838,-1.61,98,100,3.92,UA,1702260743
13,whitehorse,60.7161,-135.0538,-12.33,82,100,1.79,CA,1702260637
14,pamanukan,-6.2842,107.8106,30.45,64,99,0.25,ID,1702260744
15,ghat,24.9647,10.1728,11.67,71,6,3.4,LY,1702260744
16,ushuaia,-54.8,-68.3,4.5,99,100,1.44,AR,1702260745
17,adamstown,-25.066,-130.1015,21.29,56,0,2.6,PN,1702260746
18,qaqortoq,60.7167,-46.0333,-10.48,74,10,1.68,GL,1702260746
19,ribeira grande,38.5167,-28.7,17.65,75,99,8.49,PT,1702260747
20,albany,42.6001,-73.9662,7.02,91,100,2.24,US,1702260748
21,aketi,2.7388,23.7833,21.81,97,100,0.35,CD,1702260748
22,crane,31.3974,-102.3501,8.96,23,0,2.06,US,1702260649
23,fortuna,40.5982,-124.1573,12.21,89,100,0.0,US,1702260651
24,lompoc,34.6391,-120.4579,16.08,60,0,0.0,US,1702260653
25,summerville,33.0185,-80.1757,18.39,89,40,5.66,US,1702260750
26,port augusta,-32.5,137.7667,23.01,52,96,8.38,AU,1702260750
27,nuuk,64.1835,-51.7216,-2.66,74,100,1.54,GL,1702260480
28,margaret river,-33.95,115.0667,24.32,29,0,2.54,AU,1702260751
29,grytviken,-54.2811,-36.5092,5.3,95,100,6.26,GS,1702260752
30,coquimbo,-29.9533,-71.3436,15.44,85,11,0.84,CL,1702260581
31,port alfred,-33.5906,26.891,16.77,95,36,0.45,ZA,1702260464
32,osmaniye,37.0742,36.2478,13.64,80,100,3.17,TR,1702260753
33,kasongo-lunda,-6.4667,16.8167,20.99,99,100,0.49,CD,1702260753
34,ambalangoda,6.2355,80.0538,25.36,87,100,1.89,LK,1702260754
35,kavaratti,10.5669,72.642,28.6,72,100,3.12,IN,1702260754
36,happy valley-goose bay,53.3168,-60.3315,3.52,85,100,6.02,CA,1702260755
37,oranjestad,12.524,-70.027,27.17,88,20,8.23,AW,1702260755
38,la'ie,21.6477,-157.9253,28.66,79,21,3.13,US,1702260637
39,aldan,58.6031,125.3894,-30.76,95,100,2.56,RU,1702260589
40,east ballina,-28.8667,153.5833,28.22,57,45,4.29,AU,1702260563
41,mana,5.6592,-53.7767,25.47,91,33,3.37,GF,1702260757
42,nova sintra,14.8667,-24.7167,22.93,74,100,4.76,CV,1702260643
43,port mathurin,-19.6833,63.4167,26.06,76,100,3.52,MU,1702260522
44,fort bragg,35.139,-79.006,18.91,93,100,5.14,US,1702260655
45,darwin,-12.4611,130.8418,35.59,69,75,1.03,AU,1702260519
46,duck lake,52.8168,-106.2344,-4.41,76,100,3.86,CA,1702260759
47,bredasdorp,-34.5322,20.0403,14.82,84,0,1.36,ZA,1702260760
48,edinburgh of the seven seas,-37.0676,-12.3116,13.68,71,96,8.05,SH,1702260760
49,hilo,19.7297,-155.09,27.93,95,100,2.68,US,1702260498
50,port saint john's,-31.6229,29.5448,18.18,86,100,0.45,ZA,1702260661
51,qamdo,31.1667,97.2333,-6.87,54,4,1.53,CN,1702260762
52,waitangi,-43.9535,-176.5597,14.9,59,0,2.24,NZ,1702260762
53,vila franca do campo,37.7167,-25.4333,18.27,99,100,5.36,PT,1702260763
54,yerofey pavlovich,53.9667,121.9667,-26.92,72,5,1.25,RU,1702260763
55,aripuana,-9.1667,-60.6333,23.93,94,98,0.33,BR,1702260583
56,mitsamiouli,-11.3847,43.2844,27.98,81,100,6.59,KM,1702260764
57,luanda,-8.8368,13.2343,25.79,87,100,4.45,AO,1702260764
58,kollo,13.3043,2.339,21.54,15,78,4.24,NE,1702260765
59,hexham,54.9699,-2.104,6.78,91,100,3.5,GB,1702260765
60,puerto natales,-51.7236,-72.4875,6.53,84,68,1.88,CL,1702260766
61,humaita,-7.5061,-63.0208,25.18,89,72,0.48,BR,1702260766
62,talnakh,69.4865,88.3972,-27.11,98,100,4.52,RU,1702260767
63,peterhead,57.5058,-1.7981,6.22,90,100,10.04,GB,1702260639
64,igualada,41.581,1.6172,14.57,91,92,2.83,ES,1702260761
65,petropavlovsk-kamchatsky,53.0452,158.6483,1.33,95,75,6.71,RU,1702260768
66,newnham,-41.3833,147.1333,27.59,31,89,1.03,AU,1702260768
67,quinhamel,11.8833,-15.85,24.25,41,98,2.01,GW,1702260769
68,shakawe,-18.3667,21.85,20.25,88,89,1.75,BW,1702260769
69,constantia,44.1833,28.65,-0.62,84,88,4.18,RO,1702260770
70,vilyuchinsk,52.9306,158.4028,2.15,92,100,5.09,RU,1702260771
71,illizi,26.4833,8.4667,10.36,74,14,1.54,DZ,1702260771
72,blackmans bay,-43.0167,147.3167,22.51,55,7,1.34,AU,1702260772
73,tolanaro,-25.0319,46.9987,23.25,96,84,3.84,MG,1702260772
74,waingapu,-9.6567,120.2641,31.37,62,85,3.28,ID,1702260773
75,ulsteinvik,62.3432,5.8487,3.07,84,9,2.24,NO,1702260773
76,bilibino,68.0546,166.4372,-25.84,98,38,2.01,RU,1702260774
77,bethel,41.3712,-73.414,16.23,88,100,2.24,US,1702260774
78,hechuan,29.9947,106.2572,14.27,88,100,1.01,CN,1702260775
79,kidal,18.4411,1.4078,18.12,19,17,7.08,ML,1702260771
80,thompson,55.7435,-97.8558,-14.91,85,100,1.54,CA,1702260776
81,tura,25.5198,90.2201,16.93,61,0,0.89,IN,1702260776
82,ta`u,-14.2336,-169.5144,25.16,92,100,7.79,AS,1702260777
83,curillo,1.0333,-75.9191,22.62,97,88,0.42,CO,1702260777
84,port moresby,-9.4431,147.1797,29.85,63,54,4.58,PG,1702260777
85,codrington,-38.2667,141.9667,18.01,76,100,7.02,AU,1702260778
86,isafjordur,66.0755,-23.124,-2.66,93,89,3.19,IS,1702260778
87,ingeniero jacobacci,-41.3427,-69.5448,23.1,21,100,3.54,AR,1702260779
88,ivanteyevka,55.9711,37.9208,-8.7,94,100,1.34,RU,1702260779
89,saipan,15.1355,145.701,30.39,70,0,6.17,MP,1702260780
90,atafu village,-8.5421,-172.5159,28.63,77,100,6.6,TK,1702260763
91,bodaybo,57.8506,114.1933,-29.37,97,100,0.09,RU,1702260781
92,sambava,-14.2667,50.1667,24.2,89,99,3.47,MG,1702260781
93,lang suan,9.9456,99.0785,27.84,75,7,0.71,TH,1702260782
94,ad dawadimi,24.5077,44.3924,11.64,27,36,4.39,SA,1702260783
95,utrik,11.2278,169.8474,27.19,77,100,8.7,MH,1702260783
96,hillsborough,37.5741,-122.3794,12.39,74,0,2.06,US,1702260784
97,iqaluit,63.7506,-68.5145,-4.61,79,100,5.36,CA,1702260785
98,palmer,42.1584,-72.3287,16.23,83,100,7.2,US,1702260785
99,sao joao da barra,-21.6403,-41.0511,23.08,80,78,2.57,BR,1702260786
100,bisert',56.8617,59.0523,-31.67,97,8,2.1,RU,1702260786
101,jiagedaqi,50.4167,124.1167,-21.33,63,2,1.81,CN,1702260704
102,takoradi,4.8845,-1.7554,26.16,84,8,3.03,GH,1702260787
103,vilyuysk,63.7553,121.6247,-29.03,97,100,3.26,RU,1702260788
104,san patricio,28.017,-97.5169,12.92,28,0,1.7,US,1702260788
105,lagos,6.5833,3.75,25.52,85,0,1.27,NG,1702260542
106,tiksi,71.6872,128.8694,-25.8,100,100,2.34,RU,1702260789
107,saldanha,-33.0117,17.9442,16.24,88,0,6.0,ZA,1702260613
108,el dovio,4.5079,-76.2362,17.89,98,100,1.49,CO,1702260790
109,egilsstadir,65.2653,-14.3948,-6.05,93,75,1.03,IS,1702260791
110,boticas,41.6758,-7.716,11.19,95,100,2.86,PT,1702260792
111,san pedro,14.35,121.0167,30.75,75,88,3.58,PH,1702260548
112,hawaiian paradise park,19.5933,-154.9731,26.13,92,100,1.54,US,1702260793
113,mokhsogollokh,61.4681,128.9203,-26.63,88,100,4.63,RU,1702260793
114,cromwell,41.5951,-72.6454,16.85,96,100,6.69,US,1702260794
115,lebu,-37.6167,-73.65,12.83,87,100,7.56,CL,1702260794
116,brisas de zicatela,15.8369,-97.0419,26.63,74,4,1.91,MX,1702260795
117,sake,-1.5736,29.045,16.75,95,99,0.93,CD,1702260795
118,punta arenas,-53.15,-70.9167,6.06,70,0,1.03,CL,1702260796
119,puerto ayora,-0.7393,-90.3518,24.15,86,35,3.34,EC,1702260797
120,tazacorte,28.629,-17.9293,21.19,41,0,4.47,ES,1702260731
121,tazovsky,67.4667,78.7,-24.65,97,100,4.69,RU,1702260798
122,fale old settlement,-9.3852,-171.2468,28.85,77,96,6.93,TK,1702260798
123,ugoofaaru,5.6667,73.0,28.21,75,89,2.03,MV,1702260799
124,wafangdian,39.6183,122.0081,-8.36,44,100,6.11,CN,1702260799
125,taoudenni,22.6783,-3.9836,17.44,29,100,7.25,ML,1702260800
126,mount gambier,-37.8333,140.7667,16.66,90,100,5.92,AU,1702260518
127,howrah,22.5892,88.3103,17.0,82,0,0.0,IN,1702260801
128,orting,47.0979,-122.2043,11.69,94,100,0.0,US,1702260739
129,midvagur,62.0511,-7.1939,6.46,93,100,2.06,FO,1702260803
130,turkmenbasy,40.0222,52.9552,7.43,76,40,7.2,TM,1702260804
131,ulladulla,-35.35,150.4667,30.43,71,100,3.42,AU,1702260806
132,ogre,56.8162,24.614,-2.98,96,100,4.04,LV,1702260808
133,cabedelo,-6.9811,-34.8339,25.37,69,90,3.72,BR,1702260809
134,jamestown,42.097,-79.2353,3.08,91,100,4.12,US,1702260809
135,enewetak,11.3474,162.3373,27.73,76,98,8.22,MH,1702260810
136,robertsport,6.7533,-11.3686,27.29,82,97,3.15,LR,1702260810
137,papatowai,-46.5619,169.4708,18.0,40,81,6.86,NZ,1702260811
138,hamilton,39.1834,-84.5333,1.43,81,100,4.12,US,1702260637
139,curup,-3.4667,102.5333,25.07,71,99,0.65,ID,1702260812
140,bojia,26.4672,111.9681,10.6,81,100,3.4,CN,1702260812
141,zambezi,-13.5432,23.1047,19.13,94,100,1.13,ZM,1702260813
142,rabo de peixe,37.8,-25.5833,17.77,99,40,6.17,PT,1702260813
143,west island,-12.1568,96.8225,27.99,69,16,5.66,CC,1702260814
144,arraial do cabo,-22.9661,-42.0278,23.0,80,100,4.89,BR,1702260613
145,san antonio de pale,-1.4014,5.6325,27.36,79,97,5.98,GQ,1702260815
146,alaghsas,17.0187,8.0168,16.13,24,0,3.68,NE,1702260612
147,hermanus,-34.4187,19.2345,15.75,81,3,3.66,ZA,1702260816
148,novyy urgal,51.0736,132.5642,-24.47,75,12,1.48,RU,1702260816
149,valparaiso,-33.0393,-71.6273,14.8,88,40,2.06,CL,1702260664
150,longyearbyen,78.2186,15.6401,-0.09,69,75,7.2,SJ,1702260817
151,bikenibeu village,1.3673,173.1241,28.98,84,75,2.06,KI,1702260818
152,la ronge,55.1001,-105.2842,-4.86,80,99,2.57,CA,1702260819
153,salair,54.2312,85.7972,-30.91,100,32,0.5,RU,1702260819
154,berezovyy,51.6667,135.7,-20.92,53,3,3.17,RU,1702260819
155,muisne,0.6,-80.0333,25.43,84,100,2.66,EC,1702260820
156,benguela,-12.5763,13.4055,25.85,84,100,1.88,AO,1702260820
157,kruisfontein,-34.0033,24.7314,13.82,92,0,1.71,ZA,1702260821
158,invercargill,-46.4,168.35,16.56,45,47,7.1,NZ,1702260821
159,port blair,11.6667,92.75,27.02,89,20,1.03,IN,1702260822
160,mil'kovo,55.6078,37.7956,-8.7,94,99,5.05,RU,1702260822
161,kani keli,-12.9536,45.1033,28.59,76,38,6.51,YT,1702260823
162,tidjikja,18.5564,-11.4271,19.06,24,4,6.84,MR,1702260823
163,fort st. john,56.2499,-120.8529,-4.54,77,20,1.94,CA,1702260824
164,surgut,61.25,73.4167,-40.9,66,7,1.0,RU,1702260824
165,tutoia,-2.7619,-42.2744,26.9,81,100,6.79,BR,1702260825
166,shantobe,52.4581,68.1839,-34.43,98,91,3.21,KZ,1702260825
167,waspan,14.7419,-83.9717,22.91,99,50,1.48,NI,1702260826
168,chadron,42.8294,-102.9999,1.59,59,40,2.06,US,1702260697
169,new norfolk,-42.7826,147.0587,23.17,23,13,1.43,AU,1702260676
170,kisangani,0.5167,25.2,20.35,99,100,0.52,CD,1702260828
171,kavieng,-2.5744,150.7967,28.42,79,27,4.77,PG,1702260828
172,fedorovskiy,45.0972,40.9517,4.82,83,100,5.91,RU,1702260829
173,jolo,6.05,121.0167,30.01,66,100,0.55,PH,1702260829
174,uturoa,-16.7333,-151.4333,27.01,80,23,10.18,PF,1702260830
175,olonkinbyen,70.9221,-8.7187,-3.24,64,100,4.28,SJ,1702260830
176,afaahiti,-17.75,-149.2833,29.93,81,73,11.25,PF,1702260830
177,ust-nera,64.5667,143.2,-20.45,98,100,3.98,RU,1702260726
178,tuy hoa,13.0833,109.3,26.12,76,49,0.77,VN,1702260627
179,southside,33.9245,-86.0225,6.06,70,0,2.06,US,1702260833
180,el porvenir,13.7617,-87.3458,25.63,69,78,2.91,HN,1702260833
181,igra,57.5558,53.0547,-25.36,97,100,2.69,RU,1702260834
182,iwanai,42.9744,140.5089,-1.9,62,100,6.02,JP,1702260835
183,vorgashor,67.5833,63.95,-25.0,100,100,3.82,RU,1702260835
184,cabo san lucas,22.8909,-109.9124,25.98,58,0,2.06,MX,1702260835
185,avarua,-21.2078,-159.775,25.03,88,100,12.35,CK,1702260836
186,los llanos de aridane,28.6585,-17.9182,18.96,42,0,4.02,ES,1702260836
187,lazaro cardenas,17.9583,-102.2,26.36,70,100,0.9,MX,1702260837
188,carnarvon,-24.8667,113.6333,30.77,25,0,7.96,AU,1702260837
189,tekeli,44.83,78.8239,-5.12,93,100,2.5,KZ,1702260838
190,reuleuet,5.2167,96.2833,28.36,74,50,0.16,ID,1702260838
191,ola,59.5833,151.2833,-3.25,80,100,8.69,RU,1702260839
192,weno,7.4515,151.8468,30.97,70,100,3.6,FM,1702260840
193,armacao de buzios,-22.7469,-41.8817,22.49,82,100,4.18,BR,1702260840
194,chonchi,-42.6128,-73.8092,11.73,96,96,1.24,CL,1702260637
195,tha khanon,9.0302,98.9529,27.24,82,16,1.5,TH,1702260841
196,maceio,-9.6658,-35.7353,23.69,100,0,1.54,BR,1702260732
197,mbandaka,0.0487,18.2603,22.17,95,95,0.94,CD,1702260842
198,isabela,6.7085,121.9711,30.12,64,81,1.41,PH,1702260594
199,tomaszow lubelski,50.4477,23.4162,0.45,92,91,4.78,PL,1702260843
200,kyabe,9.4515,18.9449,23.02,21,99,2.81,TD,1702260843
201,sitka,57.0531,-135.33,2.94,75,75,3.6,US,1702260606
202,padang,-0.9492,100.3543,29.03,76,22,0.74,ID,1702260845
203,kapa'a,22.0752,-159.319,27.18,78,20,4.63,US,1702260693
204,lisala,2.15,21.5167,22.26,85,93,0.18,CD,1702260846
205,hasaki,35.7333,140.8333,17.38,65,83,1.11,JP,1702260847
206,klyuchi,52.2667,79.1667,-21.87,89,16,2.86,RU,1702260847
207,kristiansund,63.1115,7.732,0.36,74,20,1.54,NO,1702260579
208,dhidhdhoo,6.8833,73.1,28.36,77,100,4.54,MV,1702260848
209,touros,-5.1989,-35.4608,26.28,69,51,4.09,BR,1702260655
210,dabrowa bialostocka,53.6536,23.3479,-1.02,97,100,5.2,PL,1702260849
211,ancud,-41.8697,-73.8203,11.88,89,100,1.36,CL,1702260850
212,east london,-33.0153,27.9116,16.28,76,99,2.0,ZA,1702260850
213,limon,10.0,-83.0333,25.59,86,7,0.87,CR,1702260851
214,shingu,33.7333,135.9833,16.5,79,100,1.87,JP,1702260560
215,bulgan,48.8125,103.5347,-21.34,95,100,0.72,MN,1702260852
216,pancas,-19.225,-40.8514,20.98,94,5,1.04,BR,1702260853
217,kurtamysh,54.9103,64.4319,-29.13,96,17,3.58,RU,1702260853
218,bueng kan,18.363,103.6519,29.95,61,4,1.08,TH,1702260854
219,port elizabeth,-33.918,25.5701,15.05,92,0,1.03,ZA,1702260854
220,dudinka,69.4058,86.1778,-26.88,97,100,5.36,RU,1702260855
221,tsiombe,-25.3,45.4833,23.61,86,95,1.14,MG,1702260767
222,kourou,5.1552,-52.6478,26.03,90,73,2.76,GF,1702260855
223,labrador city,52.9463,-66.9114,0.25,98,100,4.52,CA,1702260610
224,chiroqchi,39.0336,66.5722,8.75,34,100,1.13,UZ,1702260856
225,northam,51.0333,-4.2167,12.03,86,63,10.64,GB,1702260857
226,vernon,50.2581,-119.2691,4.61,90,100,2.06,CA,1702260857
227,luau,-10.7073,22.2247,17.78,98,100,1.11,AO,1702260858
228,wailua homesteads,22.0669,-159.378,26.44,80,20,4.63,US,1702260858
229,igarka,67.4667,86.5833,-29.59,98,100,2.7,RU,1702260859
230,mahdia,35.5047,11.0622,12.97,72,2,5.55,TN,1702260859
231,viedma,-40.8135,-62.9967,20.59,46,100,9.59,AR,1702260860
232,chemodanovka,53.2316,45.2474,-14.53,81,100,4.02,RU,1702260861
233,kaiapoi,-43.3783,172.6401,23.72,49,5,9.26,NZ,1702260861
234,vorkuta,67.5,64.0,-25.03,100,100,3.68,RU,1702260861
235,taroa,8.7058,171.2275,27.68,76,71,9.36,MH,1702260862
236,udachny,66.4167,112.4,-25.89,96,100,5.25,RU,1702260862
237,keflavik,64.0049,-22.5624,2.24,87,75,3.6,IS,1702260863
238,margate,51.3813,1.3862,11.61,74,80,6.71,GB,1702260863
239,rock springs,41.5875,-109.2029,-0.31,59,75,6.69,US,1702260647
240,port lincoln,-34.7333,135.8667,17.38,91,100,5.99,AU,1702260864
241,sesheke,-17.4759,24.2968,20.4,90,100,2.84,ZM,1702260865
242,porto novo,6.4965,2.6036,27.9,84,0,1.33,BJ,1702260865
243,lata,40.1629,-8.3327,15.04,92,67,1.92,PT,1702260866
244,lajere,11.9797,11.4443,17.42,30,65,4.4,NG,1702260866
245,zaozersk,69.4005,32.4476,-15.84,93,67,6.13,RU,1702260664
246,ust'-ilimsk,58.0006,102.6619,-35.31,100,35,0.45,RU,1702260867
247,rajgarh,28.6333,75.3833,14.03,30,0,1.83,IN,1702260867
248,nuku'alofa,-21.1333,-175.2,28.19,57,40,3.09,TO,1702260868
249,ponferrada,42.5466,-6.5962,13.23,90,100,1.34,ES,1702260868
250,puerto lempira,15.2667,-83.7667,25.36,92,33,4.23,HN,1702260869
251,queenstown,-31.8976,26.8753,11.34,91,100,1.03,ZA,1702260869
252,mount isa,-20.7333,139.5,29.87,37,7,5.66,AU,1702260775
253,kutum,14.2,24.6667,19.5,17,100,4.8,SD,1702260658
254,woolgoolga,-30.1106,153.2007,25.93,58,0,6.06,AU,1702260871
255,socorro,31.6546,-106.3033,7.88,24,0,1.54,US,1702260871
256,revda,56.801,59.9303,-35.04,100,71,1.24,RU,1702260872
257,ribas do rio pardo,-20.4431,-53.7592,21.87,89,100,1.46,BR,1702260873
258,abu zabad,12.35,29.25,22.15,15,100,3.9,SD,1702260873
259,susuman,62.7833,148.1667,-24.45,99,93,2.24,RU,1702260874
260,bel ombre,-4.6167,55.4167,27.91,83,20,2.57,SC,1702260874
261,usogorsk,63.4106,48.6872,-20.74,93,100,4.51,RU,1702260875
262,rodriguez,14.7314,121.1417,31.09,71,92,1.98,PH,1702260646
263,nova vicosa,-17.8919,-39.3719,24.51,84,4,2.34,BR,1702260876
264,bocaiuva,-17.1078,-43.815,24.84,65,11,4.34,BR,1702260877
265,rabaul,-4.1967,152.1721,25.38,88,100,0.34,PG,1702260877
266,papao,-17.75,-149.55,30.82,82,47,12.52,PF,1702260878
267,pokhara,28.2333,83.9833,13.14,50,4,1.16,NP,1702260878
268,monrovia,6.3005,-10.7969,24.87,82,71,2.61,LR,1702260742
269,huarmey,-10.0681,-78.1522,20.43,84,99,4.38,PE,1702260590
270,bubaque,11.2833,-15.8333,28.14,62,99,4.38,GW,1702260880
271,vilhena,-12.7406,-60.1458,21.17,96,100,2.86,BR,1702260610
272,colares,38.7992,-9.4469,16.29,96,8,4.02,PT,1702260881
273,nemuro,43.3236,145.575,0.43,47,28,5.3,JP,1702260881
274,praia da vitoria,38.7333,-27.0667,17.64,77,20,6.02,PT,1702260882
275,barra de santo antonio,-9.4047,-35.5072,23.6,81,0,3.55,BR,1702260694
276,el nido,11.1858,119.3956,28.97,73,98,6.31,PH,1702260883
277,khamis mushait,18.3064,42.7292,8.58,46,0,0.0,SA,1702260883
278,nar'yan-mar,67.6713,53.087,-22.72,91,100,4.92,RU,1702260883
279,vadso,70.0744,29.7487,-10.91,92,75,10.8,NO,1702260884
280,saki,8.6667,3.3833,22.12,22,88,1.28,NG,1702260884
281,itapuranga,-15.5622,-49.9486,26.44,51,100,1.72,BR,1702260885
282,sorbolo,44.8482,10.4477,8.46,99,82,1.23,IT,1702260885
283,semirara,12.0697,121.3986,27.52,76,98,8.88,PH,1702260886
284,les cayes,18.2,-73.75,25.8,86,94,3.18,HT,1702260886
285,bojnurd,37.4747,57.329,0.97,80,20,1.03,IR,1702260863
286,coahuayana de hidalgo,18.7,-103.6583,26.07,68,100,0.95,MX,1702260887
287,malysheva,57.1185,61.4035,-33.13,98,7,2.1,RU,1702260887
288,lihue,21.9789,-159.3672,26.77,77,20,4.63,US,1702260590
289,gereida,11.2811,25.1414,23.15,18,100,3.27,SD,1702260888
290,anadyr,64.75,177.4833,-26.67,82,20,6.0,RU,1702260888
291,bowen,-20.0167,148.2333,23.96,83,100,10.43,AU,1702260889
292,mossel bay,-34.1831,22.146,16.82,81,3,2.0,ZA,1702260889
293,kudahuvadhoo,2.6708,72.8944,28.26,74,95,3.57,MV,1702260890
294,polyarnyy,69.1989,33.4478,-13.38,90,81,7.05,RU,1702260890
295,lerwick,60.1545,-1.1494,7.0,77,100,5.01,GB,1702260593
296,guerrero negro,27.9769,-114.0611,19.14,45,0,2.82,MX,1702260891
297,hafar al-batin,28.4328,45.9708,16.32,36,0,0.0,SA,1702260892
298,miyako,39.6367,141.9525,8.17,50,88,0.66,JP,1702260862
299,dunedin,-45.8742,170.5036,16.95,58,33,3.33,NZ,1702260812
300,sisimiut,66.9395,-53.6735,-4.17,86,100,5.23,GL,1702260853
301,omutinskiy,56.4745,67.6709,-33.1,98,76,3.57,RU,1702260893
302,ulysses,37.5814,-101.3552,2.42,48,0,1.54,US,1702260707
303,acapulco de juarez,16.8634,-99.8901,27.9,83,100,2.06,MX,1702260850
304,flin flon,54.7682,-101.865,-9.18,91,100,3.42,CA,1702260894
305,gadzhiyevo,69.2551,33.3362,-14.21,92,86,6.83,RU,1702260895
306,zhanjiang,21.2815,110.3427,26.63,67,0,4.11,CN,1702260895
307,merizo village,13.2658,144.6691,31.31,83,100,6.53,GU,1702260896
308,broken hill,-31.95,141.4333,34.49,24,99,8.22,AU,1702260896
309,twin falls,42.3505,-114.6445,1.63,75,100,2.06,US,1702260897
310,shimoda,34.6667,138.95,16.2,62,62,3.46,JP,1702260897
311,mancio lima,-7.6142,-72.8958,25.63,83,97,0.76,BR,1702260898
312,bismarck,46.8083,-100.7837,-2.88,92,0,3.6,US,1702260808
313,shahrinav,38.5709,68.335,3.55,34,100,2.63,TJ,1702260898
314,karema,-6.8205,30.4389,21.33,91,100,1.53,TZ,1702260899
315,isangel,-19.55,169.2667,28.06,65,75,5.14,VU,1702260607
316,farmville,37.3021,-78.3919,17.32,97,100,0.0,US,1702260900
317,sotouboua,8.5667,0.9833,23.31,25,2,0.76,TG,1702260900
318,kroya,-7.6331,109.2461,28.19,71,63,3.06,ID,1702260901
319,freetown,8.484,-13.2299,26.34,79,61,1.86,SL,1702260901
320,mariental,-24.6333,17.9667,19.09,21,0,4.12,NA,1702260902
321,kerikeri,-35.2268,173.9474,20.65,59,100,2.19,NZ,1702260903
322,stanley,54.868,-1.6985,5.71,93,100,5.37,GB,1702260904
323,awjilah,29.1081,21.2869,12.94,71,0,3.83,LY,1702260905
324,moussoro,13.6408,16.4901,18.79,25,50,5.28,TD,1702260907
325,cooper's town,26.8667,-77.5167,24.63,86,65,9.75,BS,1702260908
326,badger,64.8,-147.5333,-16.77,74,0,0.0,US,1702260908
327,patterson,37.4716,-121.1297,11.55,72,100,2.39,US,1702260909
328,barda,40.3744,47.1267,9.4,71,0,1.34,AZ,1702260909
329,kouvola,60.8667,26.7,-8.56,92,100,4.63,FI,1702260910
330,st. john's,47.5649,-52.7093,-0.18,93,75,6.69,CA,1702260688
331,sola,-13.8833,167.55,26.29,71,100,9.88,VU,1702260912
332,mayahi,13.9553,7.6712,16.94,28,2,6.8,NE,1702260912
333,geneina,13.45,22.45,18.79,17,100,3.23,SD,1702260668
334,shalqar,47.8333,59.6,-16.92,62,1,8.5,KZ,1702260913
335,hithadhoo,-0.6,73.0833,27.8,76,99,1.76,MV,1702260914
336,krasnovishersk,60.4078,57.082,-31.74,100,78,1.09,RU,1702260914
337,malangawa,26.8568,85.5581,15.45,52,0,0.72,NP,1702260915
338,georgetown,5.4112,100.3354,29.96,74,20,3.09,MY,1702260908
339,borogontsy,62.6683,131.1683,-30.8,94,100,3.26,RU,1702260916
340,quzhou,28.9594,118.8686,16.86,92,98,0.14,CN,1702260617
341,abhar,36.1468,49.218,5.11,58,58,3.16,IR,1702260917
342,ishigaki,24.3448,124.1572,28.07,74,75,4.12,JP,1702260917
343,usinsk,65.9939,57.5281,-28.85,100,100,0.45,RU,1702260918
344,birobidzhan,48.8,132.95,-22.88,69,1,4.91,RU,1702260918
345,syktyvkar,61.6764,50.8099,-20.61,83,0,0.0,RU,1702260919
346,chissamba,-12.1667,17.3333,16.84,94,100,0.31,AO,1702260920
347,kez,57.8979,53.7152,-26.55,98,100,2.8,RU,1702260920
348,azadshahr,34.7909,48.5707,-0.73,64,0,1.03,IR,1702260921
349,kintinku,-5.8833,35.2333,21.38,86,93,0.84,TZ,1702260921
350,sinabang,2.4803,96.3801,26.18,84,100,1.54,ID,1702260924
351,viet tri,21.3019,105.4308,24.97,85,100,1.52,VN,1702260929
352,touba,8.2833,-7.6833,21.64,28,17,0.8,CI,1702260931
353,nizhnesortymskiy,62.4397,71.7603,-39.36,100,40,0.91,RU,1702260932
354,qom,34.6401,50.8764,11.99,34,100,3.07,IR,1702260936
355,marsabit,2.3284,37.9899,19.46,67,90,3.97,KE,1702260938
356,sassnitz,54.5167,13.65,5.45,95,100,5.27,DE,1702260691
357,bertrix,49.856,5.2554,9.26,89,100,6.45,BE,1702260939
358,aykhal,66.0,111.5,-27.04,98,100,2.41,RU,1702260939
359,pisco,-13.7,-76.2167,20.03,77,0,6.69,PE,1702260899
360,hiriyur,13.9456,76.6192,22.72,76,100,3.41,IN,1702260940
361,tarawa,1.419,172.984,29.05,84,75,2.06,KI,1702260941
362,akureyri,65.6835,-18.0878,-11.04,92,0,1.54,IS,1702260941
363,aasiaat,68.7098,-52.8699,-3.24,89,100,5.8,GL,1702260942
364,belmonte,-15.8631,-38.8828,24.61,86,0,2.76,BR,1702260944
365,taltal,-25.4,-70.4833,16.81,84,81,0.85,CL,1702260945
366,santa isabel,-23.3156,-46.2214,19.61,99,100,2.22,BR,1702260945
367,rawson,-43.3002,-65.1023,20.39,43,93,11.86,AR,1702260724
368,ouesso,1.6136,16.0517,23.55,87,100,0.55,CG,1702260946
369,paita,-5.0892,-81.1144,21.45,79,3,6.49,PE,1702260947
370,tambopata,-12.7333,-69.1833,22.49,97,99,1.36,PE,1702260947
371,itaituba,-4.2761,-55.9836,24.37,95,98,0.09,BR,1702260948
372,hovd,48.0056,91.6419,-17.38,84,59,0.74,MN,1702260948
373,tindouf,27.6711,-8.1474,15.83,29,100,4.34,DZ,1702260949
374,caleta de carquin,-11.0925,-77.6267,20.18,85,100,4.56,PE,1702260949
375,colonia,50.9333,6.95,11.57,76,40,5.66,DE,1702260845
376,kapuskasing,49.4169,-82.4331,-6.95,93,100,3.09,CA,1702260950
377,prado,-17.3411,-39.2208,23.53,88,0,0.24,BR,1702260950
378,champerico,14.3,-91.9167,27.16,76,16,2.47,GT,1702260762
379,bonthe,7.5264,-12.505,26.4,81,51,2.3,SL,1702260951
380,la passe,45.5549,-0.8967,15.13,83,100,11.08,FR,1702260952
381,gassol,8.5333,10.4667,21.5,21,1,2.56,NG,1702260952
382,arkhangel'sk,64.5401,40.5433,-15.94,77,75,6.0,RU,1702260953
383,mezhdurechenskiy,59.6,65.9333,-34.29,99,8,1.61,RU,1702260953
384,shiyan,32.6475,110.7781,3.55,93,100,1.57,CN,1702260954
385,irymple,-34.25,142.1667,36.16,34,100,0.89,AU,1702260954
386,sorong,-0.8833,131.25,28.72,71,82,2.2,ID,1702260955
387,qashar,53.3906,62.9297,-31.12,93,74,5.3,KZ,1702260955
388,sur,22.5667,59.5289,21.88,54,23,1.1,OM,1702260955
389,severo-yeniseyskiy,60.3725,93.0408,-38.57,100,100,0.45,RU,1702260956
390,charters towers,-20.1,146.2667,24.71,62,100,6.81,AU,1702260957
391,newman,37.3138,-121.0208,11.83,48,100,0.45,US,1702260958
392,quellon,-43.1167,-73.6167,11.19,92,96,1.47,CL,1702260677
393,shihezi,44.3,86.0333,-5.37,75,100,0.86,CN,1702260959
394,hadibu,12.65,54.0333,24.25,71,22,5.25,YE,1702260959
395,ladybrand,-29.1945,27.4574,13.75,85,100,2.17,ZA,1702260959
396,mili,6.0815,171.735,27.45,84,100,7.76,MH,1702260960
397,belinskiy,52.9647,43.4165,-11.16,85,100,6.18,RU,1702260960
398,ad-damazin,11.7891,34.3592,25.08,28,41,2.46,SD,1702260961
399,aljezur,37.3191,-8.8033,14.91,88,0,1.57,PT,1702260722
400,n'zeto,-7.2312,12.8666,26.54,82,100,3.32,AO,1702260962
401,gao,16.6362,1.637,18.88,20,100,8.08,ML,1702260962
402,castillos,-34.1667,-53.8333,15.56,96,6,2.28,UY,1702260843
403,sao felix do xingu,-6.6447,-51.995,23.76,92,100,0.48,BR,1702260963
404,kununurra,-15.7667,128.7333,29.99,42,33,6.17,AU,1702260778
405,el granada,37.5027,-122.4694,12.73,74,0,2.06,US,1702260947
406,kaiyuan,23.6977,103.3037,18.39,64,5,1.41,CN,1702260965
407,shindand,33.3029,62.1474,8.12,34,4,0.82,AF,1702260965
408,yilan,24.757,121.753,28.92,67,0,1.67,TW,1702260966
409,mount pearl,47.5166,-52.7813,-0.58,93,75,9.26,CA,1702260967
410,yanjiang,30.1211,104.6481,13.65,80,100,1.8,CN,1702260967
411,malvan,16.0667,73.4667,25.22,62,24,2.74,IN,1702260968
412,kirakira,-10.4544,161.9205,27.52,83,96,0.18,SB,1702260968
413,al fallujah,33.3538,43.7795,11.94,53,100,2.82,IQ,1702260969
414,santa elena de uairen,4.6167,-61.1333,23.22,65,87,1.08,VE,1702260970
415,tucuma,-0.1833,-50.05,26.23,83,76,3.58,BR,1702260970
416,mogocha,53.7333,119.7667,-29.51,78,5,0.86,RU,1702260970
417,city of isabela,6.7085,121.9711,32.03,64,81,1.41,PH,1702260971
418,nikolayevsk-on-amure,53.1406,140.73,-20.27,89,100,6.87,RU,1702260972
419,yurga,55.7231,84.8861,-29.83,94,24,3.58,RU,1702260972
420,crystal city,28.6775,-99.8281,4.06,52,0,2.06,US,1702260973
421,yekaterinoslavka,50.3734,129.1139,-23.38,84,4,3.87,RU,1702260974
422,hameenlinna,60.996,24.4643,-7.39,96,100,2.63,FI,1702260974
423,saoner,21.3833,78.9,14.92,67,22,1.03,IN,1702260975
424,yashkul',46.1711,45.3435,-2.88,80,96,5.95,RU,1702260975
425,dakhla,23.6848,-15.958,21.32,45,21,6.05,EH,1702260976
426,kayangel,8.0823,134.7173,28.75,78,11,7.1,PW,1702260976
427,baikonur,45.6167,63.3167,-12.34,42,1,8.03,KZ,1702260977
428,choibalsan,48.0667,114.5,-21.0,76,100,1.63,MN,1702260977
429,la palma,33.8464,-118.0467,20.76,43,0,2.06,US,1702260846
430,mugia,43.1041,-9.2179,18.28,86,100,10.86,ES,1702260978
431,princeville,45.7668,-61.2985,8.28,98,100,4.12,CA,1702260978
432,adiake,5.2863,-3.304,25.97,85,3,1.65,CI,1702260979
433,nogliki,51.8333,143.1667,-19.81,86,57,5.81,RU,1702260980
434,ilebo,-4.3167,20.5833,20.79,98,99,0.18,CD,1702260980
435,plettenberg bay,-34.0527,23.3716,14.94,84,0,1.45,ZA,1702260980
436,poronaysk,49.2167,143.1167,-13.81,61,20,4.51,RU,1702260981
437,ca mau,9.1769,105.15,28.23,71,9,4.18,VN,1702260982
438,zeya,53.75,127.2667,-25.84,76,3,2.67,RU,1702260982
439,berriane,32.8265,3.7669,13.22,49,5,3.95,DZ,1702260983
440,akividu,16.6,81.3833,21.66,84,2,2.16,IN,1702260983
441,yakeshi,49.2833,120.7333,-32.57,100,100,0.65,CN,1702260984
442,sao joao evangelista,-18.5478,-42.7633,18.64,97,49,1.67,BR,1702260984
443,rongelap,11.1635,166.8941,27.38,78,100,9.0,MH,1702260985
444,orange walk,17.8333,-88.8333,22.92,97,100,0.86,BZ,1702260985
445,taro,-8.3862,115.28,26.03,63,98,1.15,ID,1702260986
446,grand-lahou,5.1367,-5.0242,26.58,83,6,3.02,CI,1702260986
447,cole harbour,44.6724,-63.4751,7.62,96,100,0.89,CA,1702260732
448,thunder bay,48.4001,-89.3168,-4.01,68,100,3.09,CA,1702260890
449,airuk,7.2772,168.8203,27.48,82,100,9.2,MH,1702260989
450,amstetten,48.1229,14.8721,3.88,91,100,0.86,AT,1702260990
451,howard springs,-12.497,131.047,35.55,66,15,2.39,AU,1702260990
452,geraldton,-28.7667,114.6,32.23,11,0,9.77,AU,1702260990
453,mejit,10.2753,170.8646,27.17,77,100,8.51,MH,1702260991
454,dokshytsy,54.8924,27.7689,-2.33,94,100,5.51,BY,1702260991
455,harper,4.375,-7.7169,26.35,83,13,2.18,LR,1702260993
456,lautoka,-17.6167,177.4667,29.92,42,75,6.69,FJ,1702260994
457,minas de marcona,-15.2119,-75.1103,15.94,78,86,4.13,PE,1702260994
458,iskateley,67.6803,53.1512,-22.77,91,100,4.92,RU,1702260994
459,zhlobin,52.8926,30.024,-0.87,97,100,4.84,BY,1702260995
460,perez,-32.9983,-60.7679,23.46,85,0,2.57,AR,1702260995
461,san ignacio rio muerto,27.4167,-110.2333,19.29,52,0,5.55,MX,1702260996
462,namibe,-15.1961,12.1522,21.77,78,88,2.64,AO,1702260997
463,ambodifotatra,-16.9833,49.85,25.67,83,24,2.21,MG,1702260997
464,yesan,36.6776,126.8427,12.83,88,100,4.95,KR,1702260998
465,oranjemund,-28.55,16.4333,15.5,94,5,3.57,NA,1702260998
466,preobrazheniye,42.9019,133.9064,-8.7,38,100,2.09,RU,1702260999
467,biltine,14.5333,20.9167,18.7,20,23,2.84,TD,1702260999
468,alice springs,-23.7,133.8833,18.75,34,100,4.12,AU,1702261000
469,guli,28.8833,120.0333,18.82,79,45,1.74,CN,1702261000
470,condoto,5.0935,-76.6497,24.69,97,100,0.93,CO,1702261001
471,san luis de la loma,17.2706,-100.8939,26.66,74,100,1.91,MX,1702261002
472,musaffah,24.3458,54.5024,24.97,76,0,2.06,AE,1702261002
473,verkhniy baskunchak,48.2256,46.7217,-7.1,64,67,6.06,RU,1702261002
474,sinop,41.7711,34.8709,5.97,82,99,3.21,TR,1702260921
475,tacuarembo,-31.7333,-55.9833,15.69,94,0,2.6,UY,1702261004
476,mar del plata,-38.0023,-57.5575,20.01,83,0,3.6,AR,1702261004
477,kibre mengist,5.8833,38.9833,11.53,85,3,1.24,ET,1702261005
478,palembang,-2.9167,104.7458,28.05,83,75,1.54,ID,1702261005
479,jakar,27.5492,90.7525,5.76,65,6,0.77,BT,1702261006
480,arfoud,31.4348,-4.2375,13.85,50,0,1.71,MA,1702261006
481,sandnessjoen,66.0217,12.6316,-6.71,81,37,7.59,NO,1702261007
482,znamenskoye,57.1281,73.8282,-30.27,95,17,2.59,RU,1702261007
483,al mijlad,11.0333,27.7333,23.63,17,100,4.52,SD,1702261008
484,sferracavallo,42.726,12.0956,11.35,86,81,2.1,IT,1702261008
485,kodiak,57.79,-152.4072,5.73,87,100,3.09,US,1702261009
486,gornopravdinsk,60.05,69.9,-31.38,96,7,1.61,RU,1702261010
487,festus,38.2206,-90.396,2.08,59,53,1.87,US,1702260920
488,tofol,5.3248,163.0078,30.88,70,75,6.17,FM,1702261012
489,la gi,10.6667,107.7833,28.16,64,65,5.28,VN,1702261012
490,saynshand,44.8824,110.1163,-15.81,80,78,1.62,MN,1702260713
491,nagqu,31.5,92.0,-12.26,37,0,1.98,CN,1702261013
492,oral,51.2333,51.3667,-19.01,78,0,5.0,KZ,1702261013
493,puerto aysen,-45.4,-72.7,11.76,100,100,1.88,CL,1702261014
494,wynyard,-41.0,145.7167,20.93,43,100,3.7,AU,1702261014
495,sangmelima,2.9333,11.9833,20.72,97,94,1.11,CM,1702261014
496,neya,58.2972,43.8681,-15.71,94,100,5.01,RU,1702261015
497,molchanovo,57.5817,83.7692,-32.74,98,16,2.25,RU,1702261015
498,mersa matruh,31.3525,27.2453,16.68,60,10,2.36,EG,1702261016
499,laojunmiao,39.8333,97.7333,-1.24,38,37,2.59,CN,1702261016
500,portland,45.5234,-122.6762,12.38,95,100,2.68,US,1702260869
501,urzhar,47.093,81.6294,-7.21,93,100,1.67,KZ,1702261017
502,yelan',50.949,43.7378,-7.07,56,100,6.52,RU,1702261018
503,china,25.7,-99.2333,13.58,32,0,1.9,MX,1702261018
504,lorengau,-2.0226,147.2712,29.8,74,100,7.06,PG,1702261018
505,san julian,21.0167,-102.1667,15.82,54,100,2.76,MX,1702261019
506,fisterra,42.9049,-9.2629,18.19,86,100,10.13,ES,1702261020
507,val-d'or,48.1002,-77.7828,-3.95,93,100,6.17,CA,1702260905
508,whangarei,-35.7317,174.3239,22.63,37,26,2.61,NZ,1702260788
509,gimbi,9.1667,35.8333,12.94,63,97,1.03,ET,1702261021
510,bacalar,18.6667,-88.3833,23.51,95,75,1.74,MX,1702261022
511,kharela,25.55,79.8167,15.75,50,0,0.36,IN,1702261022
512,saint joseph,39.7686,-94.8466,3.78,63,0,4.12,US,1702260900
513,altos del rosario,8.7944,-74.1658,26.54,89,100,0.62,CO,1702261024
514,york,40.1254,-77.0,7.55,88,100,6.69,US,1702260810
515,meiganga,6.5167,14.3,19.43,33,97,1.84,CM,1702261025
516,karratha,-20.7377,116.8463,30.46,16,6,9.04,AU,1702261025
517,alo,7.4178,6.7371,28.48,43,99,0.43,NG,1702261026
518,huicungo,-7.2833,-76.8,22.55,98,92,1.14,PE,1702261027
519,qui nhon,13.7667,109.2333,25.48,77,31,0.53,VN,1702261027
520,laguna,38.421,-121.4238,10.65,72,0,2.06,US,1702261028
521,hazleton,40.9584,-75.9746,6.3,91,100,5.14,US,1702261028
522,acarau,-2.8856,-40.12,26.75,74,100,6.85,BR,1702261029
523,bontang,0.1333,117.5,25.49,88,100,3.68,ID,1702261029
524,severoural'sk,60.1533,59.952,-35.01,100,98,1.07,RU,1702261030
525,morden,49.1919,-98.1014,-10.09,85,83,2.06,CA,1702261030
526,luderitz,-26.6481,15.1594,16.56,70,0,8.16,NA,1702261031
527,daru,-9.0763,143.2092,26.89,73,100,3.86,PG,1702261031
528,trinity beach,-16.7888,145.6968,36.67,54,40,4.63,AU,1702261032
529,tongouson,5.0214,120.1328,27.98,75,100,2.06,PH,1702261032
530,kalianget,-7.05,113.9333,28.46,72,100,1.43,ID,1702261033
531,hami,42.8,93.45,-1.6,61,100,1.7,CN,1702261033
532,bolkhov,53.4433,36.0044,-4.95,95,100,4.85,RU,1702261034
533,kirensk,57.7853,108.1119,-33.35,99,98,1.34,RU,1702261035
534,say,13.1007,2.3689,22.31,15,57,4.05,NE,1702261036
535,grand-bassam,5.2118,-3.7388,27.98,83,7,2.36,CI,1702261036
536,campina grande do sul,-25.3056,-49.0553,16.9,100,100,0.47,BR,1702261037
537,khandyga,62.6667,135.6,-32.86,95,100,0.83,RU,1702261037
538,verkhnevilyuysk,63.4453,120.3167,-28.85,96,99,3.08,RU,1702261038
539,am timan,11.0297,20.2827,21.8,16,35,4.39,TD,1702261038
540,male,4.1748,73.5089,28.97,84,75,2.57,MV,1702261039
541,jayapura,-2.5333,140.7,32.66,79,87,3.25,ID,1702261039
542,himimachi,36.85,136.9833,10.12,81,97,6.31,JP,1702261040
543,kingston,17.997,-76.7936,28.53,76,40,9.26,JM,1702261035
544,bom jesus,-9.0744,-44.3586,25.21,74,87,1.02,BR,1702261041
545,tralee,52.2704,-9.7026,8.67,90,20,4.13,IE,1702260869
546,kailua-kona,19.6406,-155.9956,28.06,75,40,2.06,US,1702260865
547,al jawf,29.5,38.75,18.29,42,100,3.65,SA,1702261043
548,kerema,-7.9631,145.7785,29.36,68,100,5.9,PG,1702261043
549,fort mcmurray,56.7268,-111.381,-2.23,63,0,9.26,CA,1702260907
550,ledyard,41.4398,-72.0142,16.03,96,100,4.63,US,1702261044
551,golbey,48.1976,6.4397,9.67,97,100,6.46,FR,1702261045
552,anchorage,61.2181,-149.9003,-4.4,85,100,5.66,US,1702261046
553,sabang,5.8933,95.3214,27.49,75,80,1.93,ID,1702261046
554,pekanbaru,0.5333,101.45,28.18,83,20,1.54,ID,1702261046
555,ober-saulheim,49.8642,8.1411,10.47,96,72,1.34,DE,1702261047
556,chortkiv,49.0171,25.798,-2.1,94,100,2.26,UA,1702261048
557,ramanuj ganj,23.8,83.7,13.8,64,0,1.23,IN,1702261048
558,tomesti,47.1167,27.6833,-1.22,95,100,2.57,RO,1702261048
559,ust'-kut,56.7938,105.7672,-35.31,99,57,0.45,RU,1702261049
560,moranbah,-22.0016,148.0466,24.67,63,100,10.45,AU,1702261049
561,hassi messaoud,31.6804,6.0729,12.84,46,81,3.82,DZ,1702261050
562,chonglong,29.7806,104.8522,13.73,86,100,1.53,CN,1702261050
563,minab,27.1467,57.0801,19.64,48,94,1.13,IR,1702261050
564,ha'il,27.5219,41.6907,13.01,47,0,4.12,SA,1702261051
565,rio brilhante,-21.8019,-54.5464,22.0,98,100,1.47,BR,1702261052
566,kone,-21.0595,164.8658,30.94,40,100,2.75,NC,1702261052
567,brookings,44.3114,-96.7984,-6.08,89,0,0.0,US,1702260985
568,buka,40.8108,69.1986,3.22,60,100,0.92,UZ,1702261053
569,tionk essil,12.7856,-16.5217,21.03,50,100,2.41,SN,1702261054
570,fairfield,41.2668,-73.3162,15.94,83,100,8.75,US,1702261054
571,bornu yassu,12.2774,12.5552,17.55,31,46,4.55,NG,1702261055
572,rio grande,-32.035,-52.0986,19.97,87,98,7.84,BR,1702261055
573,sirte,31.2089,16.5887,18.31,68,83,12.07,LY,1702261056
574,rudbar,30.15,62.6,11.86,35,7,0.42,AF,1702261057
575,tintafor,8.6267,-13.215,26.61,79,56,1.98,SL,1702261057
576,alto barinas,8.5931,-70.2261,25.63,70,90,2.61,VE,1702261058
577,holualoa,19.6228,-155.9522,25.99,75,40,2.06,US,1702261058
578,pago pago,-14.2781,-170.7025,29.55,89,75,3.6,AS,1702261059
579,hailey,43.5196,-114.3153,-1.08,79,100,0.0,US,1702260812
580,rhinelander,45.6366,-89.4121,-4.82,79,100,2.06,US,1702261011
581,tranqueras,-31.2,-55.75,16.08,98,0,1.91,UY,1702261060
582,wanning,18.8003,110.3967,25.8,77,65,1.27,CN,1702261060
